[{"id":"5fb5cebb.3c03b8","type":"tab","label":"Flow 1","disabled":false,"info":""},{"id":"ec5b4fbd.2e509","type":"ui_tab","z":"","name":"Home","icon":"dashboard","disabled":false,"hidden":false},{"id":"c6d02560.aec2f","type":"ui_group","z":"","name":"Default","tab":"ec5b4fbd.2e509","disp":true,"width":"6","collapse":false},{"id":"65d47a42.4a7bb4","type":"ui_base","theme":{"name":"theme-light","lightTheme":{"default":"#0094CE","baseColor":"#0094CE","baseFont":"-apple-system,BlinkMacSystemFont,Segoe UI,Roboto,Oxygen-Sans,Ubuntu,Cantarell,Helvetica Neue,sans-serif","edited":true,"reset":false},"darkTheme":{"default":"#097479","baseColor":"#097479","baseFont":"-apple-system,BlinkMacSystemFont,Segoe UI,Roboto,Oxygen-Sans,Ubuntu,Cantarell,Helvetica Neue,sans-serif","edited":false},"customTheme":{"name":"Untitled Theme 1","default":"#4B7930","baseColor":"#4B7930","baseFont":"-apple-system,BlinkMacSystemFont,Segoe UI,Roboto,Oxygen-Sans,Ubuntu,Cantarell,Helvetica Neue,sans-serif"},"themeState":{"base-color":{"default":"#0094CE","value":"#0094CE","edited":false},"page-titlebar-backgroundColor":{"value":"#0094CE","edited":false},"page-backgroundColor":{"value":"#fafafa","edited":false},"page-sidebar-backgroundColor":{"value":"#ffffff","edited":false},"group-textColor":{"value":"#1bbfff","edited":false},"group-borderColor":{"value":"#ffffff","edited":false},"group-backgroundColor":{"value":"#ffffff","edited":false},"widget-textColor":{"value":"#111111","edited":false},"widget-backgroundColor":{"value":"#0094ce","edited":false},"widget-borderColor":{"value":"#ffffff","edited":false},"base-font":{"value":"-apple-system,BlinkMacSystemFont,Segoe UI,Roboto,Oxygen-Sans,Ubuntu,Cantarell,Helvetica Neue,sans-serif"}},"angularTheme":{"primary":"indigo","accents":"blue","warn":"red","background":"grey"}},"site":{"name":"Node-RED Dashboard","hideToolbar":"false","allowSwipe":"false","lockMenu":"false","allowTempTheme":"true","dateFormat":"DD/MM/YYYY","sizes":{"sx":48,"sy":48,"gx":6,"gy":6,"cx":6,"cy":6,"px":0,"py":0}}},{"id":"de60f754.d4079","type":"inject","z":"5fb5cebb.3c03b8","name":"","topic":"","payload":"","payloadType":"str","repeat":"","crontab":"","once":false,"onceDelay":0.1,"x":170,"y":260,"wires":[["7445af9b.69e4"]]},{"id":"7ebc454e.745784","type":"debug","z":"5fb5cebb.3c03b8","name":"","active":true,"tosidebar":true,"console":false,"tostatus":false,"complete":"false","x":530,"y":220,"wires":[]},{"id":"46fb9170.34e33","type":"ui_button","z":"5fb5cebb.3c03b8","name":"","group":"c6d02560.aec2f","order":0,"width":0,"height":0,"passthru":false,"label":"button","tooltip":"","color":"","bgcolor":"","icon":"","payload":"","payloadType":"str","topic":"","x":170,"y":300,"wires":[["7445af9b.69e4"]]},{"id":"c67b0f72.dd8f1","type":"ui_text","z":"5fb5cebb.3c03b8","group":"c6d02560.aec2f","order":1,"width":0,"height":0,"name":"","label":"text","format":"{{msg.payload}}","layout":"row-spread","x":470,"y":300,"wires":[]},{"id":"7445af9b.69e4","type":"change","z":"5fb5cebb.3c03b8","name":"","rules":[{"t":"set","p":"payload","pt":"msg","to":"Hello","tot":"str"}],"action":"","property":"","from":"","to":"","reg":false,"x":320,"y":280,"wires":[["c67b0f72.dd8f1","7ebc454e.745784"]]},{"id":"40a5997e.0410d8","type":"http in","z":"5fb5cebb.3c03b8","name":"","url":"/hello","method":"get","upload":false,"swaggerDoc":"","x":170,"y":460,"wires":[["fe785bcb.2b734"]]},{"id":"fe785bcb.2b734","type":"change","z":"5fb5cebb.3c03b8","name":"","rules":[{"t":"set","p":"payload","pt":"msg","to":"Hello World","tot":"str"}],"action":"","property":"","from":"","to":"","reg":false,"x":340,"y":460,"wires":[["80af55af.a3bef8"]]},{"id":"80af55af.a3bef8","type":"http response","z":"5fb5cebb.3c03b8","name":"","statusCode":"","headers":{},"x":510,"y":460,"wires":[]}]